27004574000,1.00000089982089,-0,6.938893903907228e-18,-2.42861286636753e-17
27054494000,0.9999999398750401,0.0006806687039999926,-0.0004826347208999743,0.0004000086755999461
27104414000,1.00000051907068,0.0003185390616999989,-0.0002491105731999982,0.0004246676852999939
27154334000,1.00000031913537,-4.34119360999824e-05,0.0006555206824000251,0.000424401475000025
27204254000,1.00000025771938,-0.0008413637580000216,0.0005452239316000029,0.0003312500143999968
27254174000,0.9999991225949301,-0.001531468933199998,-0.0009506443335999884,0.0005706835864000871
27304094000,0.9999978475786601,-0.002054515797000001,0.0005484822265000161,0.0009373522499000302
27354014000,0.9999952722860201,-0.002797537971000005,0.0007310646775000249,0.00119268985160002
27403934000,0.99999496041936,-0.002441883807699982,0.001370283790700005,0.001556040349700003
27453854000,0.9999982562935402,-0.001502631174899988,0.0009282256009999976,0.00157160684560006
27553694000,0.9999956258543301,-0.002085947940400013,0.001687942725700005,0.001308916724099994
27603614000,0.9999925067866701,-0.003108461960299999,0.002017798905300017,0.00154956040700009
27653534000,0.9999954047846301,-0.002508605680399983,0.001063393170900005,0.001442111195599951
27703454000,0.99999459514627,-0.002348002532599994,0.001907802097400033,0.001499677210199947
27753374000,0.9999958321720001,-0.001610900648299995,0.001887470367500019,0.001718295702000059
27803294000,0.9999967963042601,-0.001267781933199999,0.0008832917046000185,0.00201020966319995
27853214000,0.9999937157050901,-0.002045845369400001,0.001717622024299995,0.002545032208800044
27903134000,0.99999003753195,-0.001913229448200007,0.002272294169699991,0.003426146237099971
27953054000,0.9999858260528899,-0.0007586320751999803,0.003455217325100006,0.004106448444400038
28002974000,0.9999787788104201,-0.0002856099962999931,0.004185258019300024,0.004972888979299919
28052894000,0.99997627294989,0.0006821946352000285,0.004038084266200018,0.005559782312500032
28102814000,0.9999718661143401,0.001651353703500016,0.004184195901500008,0.006137101188400062
28152734000,0.9999700997296601,0.002592076441900001,0.003470059842200023,0.006460856972400024
28202654000,0.9999644777296601,0.003616039768899987,0.003719265105800021,0.006680898508500035
28252574000,0.99996184004674,0.003684440390500018,0.00426035266549999,0.00668643728279999
28302494000,0.9999682822538402,0.002585311382099997,0.00436297397280002,0.006267421719000008
28352414000,0.99996980280581,0.001659245501300019,0.004736665048899982,0.006060131106600081
28402334000,0.9999810066786201,-0.002289743878199968,0.003527025739700006,0.004525882413399957
28452254000,0.9999373221825502,-0.009223389434300004,-0.00509250776249999,0.003806431121300103
28502174000,0.9998898198825701,-0.0106696341145,-0.008279628461099982,0.006210196104100021
28552094000,0.99988641270135,-0.01344122703629999,-0.001412995328999994,0.006772100615100031
28602014000,0.9998730477514799,-0.01420770676059999,0.002314027549100012,0.006911635313000037
28651934000,0.9998699737775201,-0.0137365181964,0.003233449918300033,0.007821521866400019
28701854000,0.9998032985789801,-0.0180145452937,0.0009356122385999893,0.008293100527600027
28751774000,0.9997690967472402,-0.01944241423410001,0.0007345384759000206,0.009187334444000017
28801694000,0.9996911611128501,-0.0224787513728,0.002039436269400022,0.01043186796410004
28851614000,0.9996095240107,-0.0251303605446,0.003331977598000024,0.01176700495610003
28901534000,0.9995324647137002,-0.02756200440269999,0.003475151709599993,0.01277821930050007
28951454000,0.99941397958539,-0.03066618450409999,0.004971120851500019,0.01444794897759998
29001374000,0.99928512246983,-0.03438131527089999,0.003909780873100024,0.01527942671615997
29051294000,0.9991846660075501,-0.0364160908445,0.005370752197300002,0.01658135121649006
29101214000,0.9990366836853701,-0.04007266856009999,0.00743539540480001,0.01630647498557
29151134000,0.9989004286110301,-0.04316158140439999,0.008432072068300003,0.01628961794527005
29201054000,0.9988364264195001,-0.04352975788679998,0.0114844001585,0.01730670826423004
29250974000,0.99871332090394,-0.0455206008695,0.01219936204549999,0.0187364676390301
29300894000,0.9986694535073601,-0.04528730330529999,0.01472409768579999,0.01979336858340004
29350814000,0.99851079800604,-0.0476090909746,0.01850908316030002,0.01920033852589997
29400734000,0.9984485194141202,-0.04925888467889999,0.01940881199400002,0.01728757812030009
29450654000,0.9984405070962999,-0.0503088372726,0.01959839627320002,0.01423953076189999
29500574000,0.9984479544032602,-0.0514866950983,0.01874818761280002,0.009965262462900011
29550494000,0.99840930743096,-0.05336848162669999,0.0175965356019,0.004599418762430012
29600414000,0.9983963292927801,-0.05436515878319999,0.01582987576460001,-0.0008681706474499961
29650334000,0.9984413793074,-0.05340139233939999,0.01491889824550001,-0.006504826729830037
29700254000,0.99833130210552,-0.05464897588629999,0.01373796739070002,-0.01268419145808993
29750174000,0.9983171572294501,-0.0534432964855,0.01053218288060001,-0.01988875929393998
29800094000,0.99824338559959,-0.05200441425129999,0.01124434451460002,-0.02610373388683995
29850014000,0.9981027772955001,-0.0503789550366,0.01564053697250002,-0.03176778797843001
29899934000,0.9980427741900599,-0.0469352821121,0.01766216128960001,-0.03737536756888996
29949854000,0.9978319692817401,-0.04692514953089999,0.01894695858470001,-0.04208436632240006
29999774000,0.9976759668036701,-0.04687033326489999,0.01536821863530002,-0.04701552753125006
30049694000,0.9973614928644801,-0.04824178290009999,0.01524521581240001,-0.05207813253782993
30099614000,0.9970582525590801,-0.0480599184208,0.0140244220084,-0.05804702842136998
30149534000,0.99677725254105,-0.04770900148419999,0.01212838804970001,-0.06335241250971996
30199454000,0.9963856249483501,-0.04764276341749998,0.01336326448720002,-0.06904977674360008
30249374000,0.9958919544922401,-0.0503532126183,0.008925671567600026,-0.07473258398992999
30299294000,0.99563240253368,-0.04986677254469998,0.005138612794699994,-0.07876627113637996
30349214000,0.99521729366537,-0.05116096951030001,0.002198483111500012,-0.08319115001000994
30399134000,0.9949807907911401,-0.05027758122869999,0.0004677352658000039,-0.08651805271468993
30449054000,0.99467002321037,-0.0504788329152,-0.003039141057999982,-0.08985711085147993
30498974000,0.99439152144067,-0.0499093007679,-0.003861725239999989,-0.09317348824677998
30548894000,0.99415815583472,-0.0488088837778,-0.004630931359999993,-0.09616335720906004
30598814000,0.99397417192444,-0.04771199614619999,-0.006434968181899987,-0.09847836170659009
30648734000,0.99374004427313,-0.0481928909803,-0.0084244409315,-0.1004406588919801
30698654000,0.9936503044081101,-0.04751124794329998,-0.008077245266400003,-0.10167098576023
30748574000,0.99342712240369,-0.04867569836589999,-0.009625794065700001,-0.10315789095038
30798494000,0.99322080466496,-0.0511765492602,-0.01025510210499998,-0.1038666068039899
30848414000,0.99312901535583,-0.04998620561310001,-0.01205990229689999,-0.10512762522426
30898334000,0.9930501489882301,-0.05169622619060001,-0.01134736647530001,-0.1051266468608001
30948254000,0.9930693411509002,-0.0521101660592,-0.01090017105899999,-0.1047889684445801
30998174000,0.9930886150183801,-0.05195717531440001,-0.01103081971839997,-0.10466609884633
31048094000,0.9930670872116401,-0.05214851290150001,-0.01102948377609998,-0.1047744851023299
31098014000,0.993175838099,-0.0513387422226,-0.01056240092499999,-0.10419478782644
31147934000,0.9932764517708801,-0.0506769427494,-0.01194639588529998,-0.10340192686222
31197854000,0.9935537196060201,-0.04922071820630001,-0.009496593420000012,-0.10168201325158
31247774000,0.9938031063295402,-0.047283890956,-0.008708384171899987,-0.10021973190711
31297694000,0.99396616535896,-0.04670501215269997,-0.009640333609199983,-0.09878298741181997
31347614000,0.9941217356201499,-0.04617513461789999,-0.0104102349401,-0.09738223183500999
31397534000,0.9943797877979701,-0.0424097069461,-0.00960028150329998,-0.09653911974276991
31447454000,0.9945057815297601,-0.04108332989889998,-0.0102785611796,-0.09573895228757996
31497374000,0.9946390252193301,-0.04033888745060001,-0.009765288080099986,-0.09471338602749999
31547294000,0.9946976241309301,-0.0392423617555,-0.0095974350808,-0.09458189373081992
31597214000,0.9948687220017501,-0.0382632654676,-0.008641836772399977,-0.09326026157967007
31647134000,0.9950899253190901,-0.0353536988882,-0.006506356485799988,-0.09221586299941999
31697054000,0.9952573584042,-0.03541226890480001,-0.004668463649199983,-0.0904857274273901
31746974000,0.9955624091439701,-0.0326651824353,-0.001251971254399978,-0.08824888681147003
31796894000,0.9959092738436801,-0.0300370234495,0.003457246064100021,-0.08515632660073999
31896734000,0.99641961915285,-0.02635965977739999,0.01150436466170002,-0.0795089372938
31946654000,0.9964662940686202,-0.02783850319870001,0.0162579714826,-0.07756571288819998
31996574000,0.9966174970796001,-0.02567617407679999,0.01928338164300001,-0.07564677857019991
32046494000,0.9966741822327,-0.02434197564820001,0.02551530353810001,-0.07346878186239998
32096414000,0.9966539236368199,-0.0247550089465,0.03141308700730001,-0.07128751756649994
32146334000,0.9965555513425501,-0.02309587845029999,0.0392601630543,-0.06929732424210008
32196254000,0.9963755419887801,-0.02071345557379999,0.04757077505190001,-0.06741460010439997
32246174000,0.99626809358201,-0.01795616618759998,0.05267539825280003,-0.06598172194729994
32296094000,0.9961288077154201,-0.0187228053555,0.0576302702346,-0.06369845299770001
32346014000,0.9958373629603501,-0.01577955362699998,0.06464588627250001,-0.06229868188829989
32395934000,0.9955118403705001,-0.017108706148,0.07071208645760001,-0.06053340689980004
32445854000,0.9951489150053799,-0.01581894509720001,0.07765920182,-0.058293670248
32495774000,0.99476425340449,-0.0130366179211,0.085109126502,-0.05506666645639997
32545694000,0.99425604269302,-0.01153376797519999,0.09225628082090002,-0.05302955776320004
32595614000,0.99389841715601,-0.01069153071559999,0.0975797254395,-0.05030830129359996
32645534000,0.9935452043040202,-0.00797243574909999,0.1023187796377,-0.04832546465069991
32695454000,0.9930962728282601,-0.006091475172099986,0.1071974108874,-0.04725445362319997
32745374000,0.9923798368290802,-0.005685635537299991,0.1139488939611,-0.04653995575690007
32795294000,0.99207340330618,-0.004147175212699986,0.1174093309565,-0.04460890333110001
32845214000,0.99149959379321,-0.004833652301999988,0.1224366581126,-0.04377075392989996
32895134000,0.9910741031660102,-0.006202291661800002,0.1256422530932,-0.04415387411499999
32945054000,0.99080324988985,-0.006156975090299985,0.1275459591772,-0.04476382473639998
32994974000,0.9900964971555301,-0.008175766048899982,0.132209521475,-0.0465248781058
33044894000,0.98911771217246,-0.008249779963199991,0.1385680641896,-0.04876426253330003
33094814000,0.987980899300427,-0.008052119643629979,0.14540819153357,-0.05182531870724001
33144734000,0.986654695058987,-0.009695251751929999,0.15349999254207,-0.05345303556754002
33194654000,0.9854796651276091,-0.009876691281109996,0.16036771796869,-0.05490109229887995
33244574000,0.9836582421076601,-0.0098204496847,0.1707309231513,-0.05631241196029996
33294494000,0.9821187994014301,-0.009267204669099999,0.1794879946115001,-0.05604331786
33344414000,0.9805202205772601,-0.01204731553880001,0.1875898369982,-0.05697327557010001
33394334000,0.98026271469809,-0.01308768627769998,0.1884830067747,-0.05821473130689993
33444254000,0.9789947242771501,-0.01692187472749999,0.1940730510241,-0.06015853426669998
33494174000,0.9784171279178501,-0.01975428134789999,0.1963456436812,-0.06131265781389998
33544094000,0.97755276203815,-0.02276214727919999,0.1996280873653,-0.06341591412610004
33643934000,0.97588870208184,-0.029363703496,0.2054264575949,-0.06768267618759988
33693854000,0.9747485657846601,-0.03217489683659999,0.2096065288241,-0.06996758485220003
33743774000,0.9738545888888499,-0.03571728977929997,0.2125896630779,-0.07167934877219997
33793694000,0.9725624494769399,-0.03984336064789998,0.217285371013,-0.07294931936989991
33843614000,0.97099368479098,-0.04320871657800002,0.2228591378842,-0.07508733775209989
33893534000,0.9693744198703002,-0.04706992666979999,0.2286267097369,-0.07634315858079997
33943454000,0.9680210500115,-0.05224930850059999,0.2322169332834,-0.07925577111609994
33993374000,0.96725786606897,-0.05665343881570001,0.2338693296286,-0.08067314679240001
34043294000,0.9659377464997,-0.06103409665219997,0.237677491556,-0.08215745385449996
34093214000,0.9639607138265802,-0.06710874488559998,0.2435488200927,-0.08343337823689995
34143134000,0.9630989751442,-0.0719910719235,0.2453431794661,-0.08405718261490003
34193054000,0.9618033433089002,-0.07573785195529999,0.2491716859423,-0.08432990976949989
34242974000,0.9602633190438001,-0.0803368903453,0.2536160365157,-0.08438301413140004
34292894000,0.9589844941448,-0.08584229828859999,0.2566777270153001,-0.08425072756559993
34342814000,0.9576228099077,-0.09160748102989999,0.2596660736244,-0.08450455272460006
34392734000,0.9564387302810001,-0.09690340046779999,0.2623428405612,-0.08373863433159996
34442654000,0.9551863363685,-0.1005350833488,0.2659143246791,-0.08246816420419992
34492574000,0.9544353228551001,-0.1058170942562,0.2664870596133,-0.08271455441079997
34542494000,0.9539026626705001,-0.1083820897275,0.2677693415049001,-0.08138415343439995
34592414000,0.9526396347984001,-0.1133114459146,0.270491908481,-0.08046242084319999
34642334000,0.9521065915198001,-0.1168996824405,0.2712594102187,-0.07903034794120006
34692254000,0.9517652507795001,-0.1187067924235,0.2719253118205,-0.07815855886620003
34742174000,0.9503425179394001,-0.1214946829142,0.2754689271149,-0.07877964821909998
34792094000,0.9500614971601,-0.124270209406,0.275158385265,-0.07892031051619992
34842014000,0.9496372079857001,-0.1277529948463,0.2749950532134,-0.07904571796819999
34891934000,0.9486833893479,-0.1309393028357,0.2767799252554,-0.07904795789810004
34941854000,0.9480376851393001,-0.1345444661837,0.2771932260292,-0.07929040800950002
34991774000,0.9475975006546,-0.1385866957101,0.2768267125696001,-0.07887280758550001
35041694000,0.9474697351613001,-0.1407483957529,0.2763329769673,-0.07831170083909994
35091614000,0.9467541527546001,-0.1453280663242,0.2763866346676001,-0.07840185333059997
35141534000,0.9460131918499002,-0.1476073836421,0.2777347652583,-0.07833329517349993
35191454000,0.9452255211535001,-0.1511143997732,0.2786202597941,-0.07800257234910005
35241374000,0.9439664298757999,-0.1550943601197,0.280625731889,-0.07825100106230003
35291294000,0.9428048528169001,-0.1596000306653,0.2821350148921,-0.07776277034540006
35341214000,0.9424034278826,-0.1610502209111,0.2829727086591,-0.0765901044372999
35391134000,0.9416906774138002,-0.1645544418322,0.2833961297377001,-0.07633835293199998
35490974000,0.9399468862662,-0.1712025884504,0.2854741310146001,-0.07546838354029997
35540894000,0.9395323479267002,-0.1739832201414,0.2853371609862,-0.07478609172359997
35590814000,0.9388104400082,-0.1751255947989,0.2873260704857,-0.07356078618799997
35640734000,0.9376623217146001,-0.1782891698677,0.2898515530376,-0.07063201721500001
35690654000,0.9370019787892002,-0.1796913796943,0.2913936153533001,-0.06949108158569994
35740574000,0.9358764696780001,-0.1813571251441,0.2940257490545,-0.06924621337480003
35790494000,0.9359892463496001,-0.1821345240054,0.2931363973013,-0.06944446622899994
35840414000,0.9352485704650001,-0.184351048279,0.2940323470719,-0.06978790054580003
35890334000,0.9349549429628,-0.1863166219065,0.293766570518,-0.06962997756380002
35940254000,0.9350106111219002,-0.1891766442126,0.2918242450224,-0.06932948135280004
35990174000,0.9345657410929,-0.1915374621445,0.2917505489304,-0.06915347720029999
36040094000,0.9341873293714,-0.1936606072737,0.291512635777,-0.06936202200579994
36090014000,0.9336857332666,-0.1961275987835,0.2915253450089,-0.06913107728400006
36139934000,0.9326728071792999,-0.1983206692265,0.2932441939322001,-0.069280580067
36189854000,0.9321283643186001,-0.2005814116884,0.2933451901298,-0.06966733615279996
36239774000,0.9308305222566,-0.2023586955413,0.2961501888019,-0.07000632889459994
36289694000,0.9299555892565,-0.2035752541329,0.2979520458994001,-0.07046081384110002
36339614000,0.9292153460184001,-0.2054335502599,0.2989518909602,-0.0706038901339001
36389534000,0.928302998333,-0.2073023100791,0.3006506570757,-0.06992313391539998
36439454000,0.9275259249467001,-0.2089318148157,0.3020771815424,-0.06923023319569996
36489374000,0.9268867819713,-0.2096667137776,0.303613305482,-0.06885144153669998
36539294000,0.9262982343632,-0.2109758867004,0.3045780796937,-0.06851369387090001
36589214000,0.92576067154,-0.212128726276,0.3053544316638001,-0.06876401326130011
36639134000,0.9255051038418001,-0.2135023161481,0.3050601702515001,-0.06926270584629997
36689054000,0.9245891480519001,-0.2146112960237,0.3071141605281,-0.06898783261029995
36738974000,0.9238097032879001,-0.2149101233173,0.3091055139057,-0.06960214634839995
36788894000,0.9234157707347002,-0.2156365215661,0.3097977485083001,-0.06950151316619994
36838814000,0.9228873567694,-0.2161579147617,0.311026169131,-0.06941039537560008
36888734000,0.9221361677507001,-0.2166476079938,0.3130080815805,-0.06896331252310006
36938654000,0.9218239945697,-0.2179094680014,0.3131370328148,-0.06857375446910005
36988574000,0.9209393659781,-0.2197531344649,0.3146786493976,-0.06750664975830006
37038494000,0.9204174090030999,-0.2207307307187,0.3157769692238001,-0.06629885153699996
37088414000,0.9193825958563001,-0.2209730629012,0.3190521781983001,-0.06412863773539999
37138334000,0.9189344128689,-0.2205002614254001,0.321066798411,-0.06209277085950002
37238174000,0.9186640932328001,-0.2224184858645,0.3205779654479,-0.06178627566209992
37288094000,0.9182200769148,-0.2230764631385,0.3213139048609001,-0.06218337866239996
37338014000,0.9178900822988002,-0.2241804012817,0.3213711565687001,-0.06278903524739998
37387934000,0.9174220565867,-0.2249455325742,0.3220891987763,-0.06321614270240003
37437854000,0.9171082329754,-0.226629190086,0.3216475881292,-0.06399906704530002
37487774000,0.9167126437452001,-0.2273204561721,0.3225091435746,-0.062872889904
37537694000,0.9159265000262,-0.2284976729123,0.323945973561,-0.06267112001709994
37587614000,0.9153255036179001,-0.2287711294903,0.3256481213593,-0.06163071256650007
37637534000,0.9150888264635,-0.2298034114704,0.3256053282671001,-0.06152574776180007
37687454000,0.9152876099189,-0.22994200834,0.3251362136932,-0.06051991739669998
37737374000,0.9151066392045001,-0.2301736145062,0.3255350248877,-0.06023316295419998
37787294000,0.9154804681281,-0.2297279273291,0.324791975089,-0.06026915844229999
37837214000,0.9153811659482,-0.2287365162669,0.3258569619056,-0.05979078475669994
37887134000,0.9152199935397001,-0.2274851215961,0.3273123688081,-0.05908468535300005
37937054000,0.9153504809960001,-0.2260318670635,0.3279217245910001,-0.05925767984370005
37986974000,0.9156984879828002,-0.2244904564263,0.3279266599641,-0.05970584549880002
38036894000,0.9163666393762001,-0.2232948330478,0.3266539657752001,-0.06091383325220002
38086814000,0.9170040596368,-0.2220237286526,0.325596955775,-0.06161837505990005
38136734000,0.9176909722333,-0.2200165681459,0.32488438404,-0.06234718181899991
38186654000,0.9182124525589,-0.2178262172089,0.324811277214,-0.06274354673000003
38236574000,0.9188429540768001,-0.2160185734117,0.3239111523469,-0.06439338200610009
38286494000,0.9198413770363002,-0.2130640368415,0.3226492584747,-0.066287480345
38336414000,0.9208451968333,-0.2108394822378001,0.3207837175444,-0.06847315425880002
38386334000,0.9218113824286001,-0.2091887068092,0.3188948148217001,-0.06935837433970003
38436254000,0.9232900988521,-0.2066233005904,0.3159886967361,-0.07066388319320002
38486174000,0.9250289353144001,-0.2041698848234,0.3123357729758,-0.07130050344240002
38536094000,0.9269455975215001,-0.2012437519001,0.3083853094537,-0.07191898824949992
38586014000,0.9286918946253999,-0.1976112366926999,0.3053516001166001,-0.07239674703279997
38635934000,0.9299739735046,-0.1942320786208,0.3036373361409,-0.07230450875420007
38685854000,0.9314357985610999,-0.1903354735377,0.3016945722005,-0.07198145662550001
38735774000,0.9329504190416001,-0.1865108086578,0.2995111043759001,-0.07149992745619996
38785694000,0.9346905997911001,-0.1823901309762,0.2968552812063,-0.07045926948149998
38835614000,0.9367140174147001,-0.177644230044,0.2937392449698,-0.06875167469730005
38885534000,0.9384363941969001,-0.1733168065951,0.2912254578817001,-0.06698883012329995
38935454000,0.9401792598051,-0.1684662741561,0.2888508765918,-0.06517694266559998
38985374000,0.9421863837416001,-0.1645917139178,0.2848500193293,-0.06368469665079998
39035294000,0.9436160324358001,-0.1602400392913,0.2831025062771,-0.06136358589010005
39085214000,0.9450032427175001,-0.1539412863219,0.2824568804017,-0.05907119904910004
39135134000,0.9461580417108001,-0.1483312329018,0.2820297825144,-0.05694709169610002
39185054000,0.9478073805313002,-0.1416380282717,0.2805686271668,-0.05367817894409999
39234974000,0.9497474037858,-0.1357228092786,0.2776151795073,-0.04990871008709998
39284894000,0.9508696602755999,-0.1285127830696,0.2777866374164,-0.04655033492829998
39334814000,0.9526042965103001,-0.1217876240602,0.2755821984306001,-0.04204994681270005
39384734000,0.9537465309135,-0.1153530084957,0.2750088054222001,-0.03784188464309994
39434654000,0.9549907175124001,-0.1096834973261,0.2736662739715,-0.03271380676639998
39484574000,0.9562866133626999,-0.1025382150058,0.2724361549017,-0.02795174284399995
39534494000,0.9569734246027,-0.0965292984991,0.2727818731116,-0.02180422556599995
39584414000,0.9570474892499999,-0.0899327914675,0.2751695525657001,-0.01596200773060005
39634334000,0.9576842102608001,-0.08443061208359999,0.2749881911725,-0.009788935938399995
39684254000,0.9576728178246,-0.07945075187180002,0.2766581200024,-0.003391048877600059
39734174000,0.9570953152927001,-0.07356025262379998,0.2802687389565,0.002750792816800005
39784094000,0.9572744676457001,-0.06710528841649999,0.2811698571587,0.008165708618399971
39834014000,0.957867602187,-0.06241445986639997,0.2800242954211,0.01349061838720006
39883934000,0.9584136582229,-0.05614612800950002,0.2791457294501,0.01921344226709997
39933854000,0.9580179379001001,-0.05129369996799998,0.2808666460708,0.02619623600460002
39983774000,0.9581015340139001,-0.04787004187310001,0.2805622705964,0.03219081734790002
40033694000,0.9578101024212,-0.04404630826649997,0.2814723120423001,0.03786007571190005
40083614000,0.9571716154857001,-0.04054814231019999,0.2832999333191,0.04382333507450002
40133534000,0.9579049251006001,-0.0386255050203,0.280111215807,0.04965592927080004
40183454000,0.9579821978644001,-0.03598878396830001,0.2791595949647001,0.05519144780429996
40233374000,0.9573975779045001,-0.03373686667449997,0.2801852373556,0.06123230530500004
40283294000,0.9572478082604,-0.0310286054637,0.2796416078465001,0.06719104267630002
40333214000,0.9565565284342,-0.02922969952189999,0.2809500808448,0.0721972497696
40383134000,0.9564055498509001,-0.02780718544129999,0.2804507680507,0.07657351166650006
40433054000,0.9566591005576001,-0.02549697451779999,0.2786632585332,0.08063303390649998
40482974000,0.9563401072527201,-0.0225098859075,0.2791827171113,0.08345250179379998
40532894000,0.9567777893013301,-0.01937997954359998,0.2767948379049001,0.08709529789320006
40582814000,0.9565248510703701,-0.01714491842509998,0.2763579002964,0.09160976088199999
40632734000,0.9570041706450801,-0.01370219936070001,0.2733914443718,0.09598391898759992
40682654000,0.95710708695024,-0.01024431865970001,0.2714345980966,0.1008263713933
40732574000,0.9570851338597099,-0.007519906457699996,0.2698255685885,0.1054791524494
40782494000,0.95704202056994,-0.006639978798899993,0.26859976094,0.1090006871982999
40832414000,0.95769712662606,-0.004919478741799987,0.2650613612866001,0.1119581571724001
40882334000,0.9575149832420901,-0.00335667133909999,0.2645928629454,0.1146542828909
40932254000,0.95793233598709,-0.002438158049799979,0.261869360904,0.1174122542629
40982174000,0.9580506836732001,-0.0002856313426000123,0.2603948010508,0.1197292537662
41032094000,0.9589966353655202,0.0002834260556000279,0.2563390387412001,0.120898984697
41082014000,0.95983837314006,0.003883488414699987,0.2527026888847,0.1218065388991
41131934000,0.96058156701271,0.005852929023399983,0.2496468116594,0.1221703255116
41181854000,0.9613038972714899,0.007725612429200016,0.2469340321724001,0.1219009072751
41231774000,0.9623723176459501,0.0110745974184,0.2432321574033,0.1206490778379
41281694000,0.96378723401079,0.0126457182553,0.2381992096369,0.1192308939844
41331614000,0.9649851534223999,0.01474294721410001,0.2338961809725,0.1178167165943
41381534000,0.9660102632338,0.01437528884619999,0.2307019415636,0.1157417795060999
41431454000,0.96756400953303,0.01663427593480002,0.2253906607498,0.1128843311701
41481374000,0.9689749284115701,0.01851254020060002,0.2208311161233001,0.1094497705298
41531294000,0.97036577453509,0.01944503409499999,0.2166129410217,0.1053199652983001
41581214000,0.9719679383786601,0.02056719765080001,0.2115899540251,0.1004249702298001
41631134000,0.97302338407696,0.02225725644510003,0.2093085072217001,0.09444673482560005
41681054000,0.9742791390565,0.02439990770130003,0.2063574440938,0.08718550519760002
41730974000,0.9760096782160301,0.0245318099696,0.2013946461,0.07902510394000009
41780894000,0.97752878833385,0.02630346596640001,0.1974276015764,0.06905830752220005
41830814000,0.9788860424922611,0.02650407579771002,0.19358111695471,0.06006188205518002
41880734000,0.9799237907573499,0.02671846252290001,0.1905171441406,0.05234673234620003
41930654000,0.9812403711639641,0.027730231676291,0.185709258460441,0.04371032755027801
41980574000,0.9829176699128001,0.02914111033390003,0.1786659013725,0.03320765910259997
42030494000,0.9842025607679101,0.0281936807918,0.173365671605,0.0222665233598
42080414000,0.9847703990664799,0.02955989589970001,0.1709165173935,0.01191216916249999
42130334000,0.98578609492909,0.03087915772660001,0.1651404885296001,0.001667890537499977
42180254000,0.9862667363432801,0.0329029398324,0.1616649511966,-0.007825562965599969
42230174000,0.9870146433308401,0.03662142767980002,0.1553931560296,-0.01773991401230006
42280094000,0.9874017259099001,0.04047598993090003,0.1503864077189001,-0.02801369605980004
42330014000,0.98720349358404,0.04732466260900002,0.1473491702254,-0.03845462476249999
42379934000,0.9874398893680801,0.0542483843907,0.1401761129043,-0.04869416330970001
42429854000,0.98684566279958,0.06250755901160003,0.1367774403625,-0.05934793294979995
42479774000,0.9866389017346801,0.06668961599740003,0.1320407273509,-0.06828403925479995
42529694000,0.9866137196674001,0.0748387408729,0.1234034159066,-0.07593279998640003
42579614000,0.98677789424009,0.07990671583780003,0.1138180124931,-0.08325026145520006
42629534000,0.9869716753591001,0.08318621463210001,0.1037739333853,-0.09053948684619999
42679454000,0.9869615156094002,0.08772675909069999,0.09140097940720002,-0.09928899945230001
42729374000,0.9869781501764001,0.09007385960820002,0.07839080287970002,-0.1077773073091999
42779294000,0.9866737177669,0.0920964670611,0.06852958711419999,-0.1153154629207
42829214000,0.9863306333156999,0.09109988848700003,0.06311738610230003,-0.1219407273883001
42879134000,0.9858284493745,0.09291199724390001,0.0592880994447,-0.1264734574376
42929054000,0.9857240847390002,0.09277143116040001,0.05619988672140001,-0.1287794749503
42978974000,0.9856189470067001,0.09358005998480001,0.05263939454429999,-0.1304925440045
43028894000,0.9854960163977001,0.09471612457119999,0.05293574760120002,-0.1304841511147001
43078814000,0.9856320056906001,0.0948162302281,0.05277801354990003,-0.1294376967334001
43128734000,0.9858105210097001,0.09382675013420004,0.0558413598642,-0.1275011711045001
43178654000,0.9861335532719001,0.09538528906,0.05758298376030003,-0.1229972202787001
43228574000,0.9866272482632,0.09572658191289998,0.06047918050529999,-0.1172440345948
43278494000,0.9874972888817,0.09681950453960002,0.06171379387960003,-0.1080170692212
43328414000,0.9884326726923002,0.09762567739690003,0.06342784653310005,-0.09720310814329991
43378334000,0.9895052959751002,0.09745808636640002,0.06689833253540002,-0.08310628604900001
43428254000,0.9905502511637001,0.09625317501250001,0.06985938631590002,-0.06831217888059993
43478174000,0.9911058940735,0.09713710935310002,0.0748484773592,-0.05168954474489994
43528094000,0.9914720929748002,0.09854517093230002,0.07819236008710001,-0.03404273686260001
43578014000,0.9914610794731002,0.1001941237971,0.08184635286880002,-0.01635216581560002
43627934000,0.9901159070656002,0.1052399808829,0.0926059430699,0.004484457100499974
43677854000,0.9885526463327001,0.1062117770304,0.1036387899587,0.02724593744380001
43727774000,0.9874187796309,0.1055944870804,0.1067211303205,0.04964154001840003
43777694000,0.9860150702971,0.1050355376118,0.107933597359,0.07136190284150004
43827614000,0.9840732290227501,0.1038910924784,0.1104419024426,0.09279014238799999
43877534000,0.98186041084167,0.1023184967592,0.1128747097254,0.1128784296459
43927454000,0.97977126409545,0.0985909852837,0.1127017768582,0.1327697201857
43977374000,0.9773405747045801,0.09427683015530001,0.1132610698374,0.1519540186795
44027294000,0.9743299330190101,0.09175260059739999,0.1140830748427001,0.1710225655471
44077214000,0.97105863982645,0.08980887269280004,0.1164150569431,0.1882211085518001
44127134000,0.96815155245516,0.08737279412319998,0.1151528472727,0.2044237379452
44177054000,0.9652604760937601,0.0851560059387,0.114203534407,0.2190403310057001
44226974000,0.96195085800913,0.08297029598860001,0.114695577158,0.2336940804195
44276894000,0.95931102331628,0.07923424450630001,0.1145205260832,0.2456224787771
44326814000,0.95636865307934,0.0751060993267,0.1135574566473,0.2585033458877001
44376734000,0.9527497585786899,0.07216748648259999,0.117212679893,0.2707805190813
44426654000,0.9492986602552901,0.06883612635570002,0.1179458011177,0.2831662643783001
44476574000,0.9458402780401401,0.06289574992729999,0.1204540919899,0.2948266888566
44526494000,0.9431019327370901,0.05869834288520004,0.1214726715936,0.3039058277845001
44576414000,0.94022225543738,0.05393978345280002,0.1225235850146,0.3131493387064001
44626334000,0.9373528987677101,0.04897349207200001,0.1270542780131,0.3206699648208001
44676254000,0.9350959174505301,0.04544246585850002,0.1275126091751,0.3275241856507
44726174000,0.933119666408436,0.04141325160026003,0.12879395588906,0.3331443659478801
44776094000,0.9314160388542285,0.03656473993208399,0.130917332489684,0.3376233233341719
44826014000,0.9300463603646361,0.03264459950976001,0.13136153032076,0.3416029924328801
44875934000,0.9285202333935201,0.02772794823520001,0.1349002763682,0.3447966934283
44925854000,0.92764275178744,0.0219865367049,0.1359996199438,0.347131488383
44975774000,0.92731482807377,0.01418399192040003,0.1352747562071001,0.3486947657245
45025694000,0.92681946288148,0.009749060151500025,0.1356489630051,0.3500152505248
45075614000,0.9267523210157701,0.0004209611316999956,0.1349544661675,0.3505977335881
45125534000,0.92719104352751,-0.006586557686399999,0.13509809525,0.3493172797813
45175454000,0.9273958906155201,-0.01424851734399998,0.1340061629947,0.3489646383732
45225374000,0.9270926206844,-0.0206791918439,0.136561607703,0.3484582210271
45275294000,0.9261771730821701,-0.02689873327099998,0.1405873081358,0.3488684990490001
45325214000,0.9253183832193002,-0.0310819256915,0.1447626072352,0.3490899351019
45375134000,0.9238832964199399,-0.0357817642682,0.1524665732211,0.3491626887839001
45425054000,0.9231603954698701,-0.0404933770608,0.1569755984925,0.3485614445022
45474974000,0.92242496475167,-0.04465875140849998,0.1604645711312,0.3484117207528
45524894000,0.92153038578818,-0.04611856847939998,0.1658838146507,0.3480495101155001
45574814000,0.9208250007234001,-0.04892121772469998,0.1685693611032,0.3482420743083
45624734000,0.9204553890994901,-0.0497698793445,0.1714579782352,0.3476885405585001
45674654000,0.92019485733815,-0.05035720644040001,0.1733905615585001,0.3473368323473999
45724574000,0.9205352525266201,-0.05122790152990001,0.1733469551051,0.3463264298678
45774494000,0.9211927659510499,-0.05136705292690001,0.1733875296745001,0.3445325167140001
45824414000,0.9221025668971801,-0.05149654803169999,0.1729989211753,0.3422678795661999
45874334000,0.9233584748550402,-0.05049324460179999,0.1727884331553,0.3391223133007001
45924254000,0.9257335622535202,-0.04890124093919999,0.1706334202181,0.333934514968
45974174000,0.92890364876589,-0.0476380593635,0.1667594523919,0.3272021348488
46024094000,0.9336085682092,-0.04563175776709998,0.159726156503,0.3174618350697
46074014000,0.9387699624484199,-0.04196605094340002,0.1544364142338,0.3051238433169
46123934000,0.9436136057603401,-0.0360861252506,0.150106603744,0.2928471986245
46173854000,0.9494735603214701,-0.03065743831759999,0.1419865450178,0.2782101255651001
46223774000,0.95521037794245,-0.02570430710629999,0.1351472821123,0.2620080153616
46273694000,0.96101008777979,-0.02035959358799999,0.1281471194663,0.2441815605769
46323614000,0.96660923278566,-0.01431061785449998,0.1213622234751,0.2252415371154
46373534000,0.9722318071962641,-0.009182615574059999,0.11331725877334,0.20455232316902
46423454000,0.9776338237671891,-0.004740303590310024,0.10209581926169,0.18381281067682
46473374000,0.98231461909268,-0.0009570994757000101,0.09341740148550001,0.1622721384746
46523294000,0.9859943223301302,0.005012810199800002,0.08650529207700001,0.1425036970537
46573214000,0.98891426424933,0.01033349376870001,0.08139414594600003,0.1237689642492001
46623134000,0.9916562802507302,0.01482615464560001,0.0733308405106,0.10498377631
46673054000,0.99347685860449,0.02285554224450002,0.070038852436,0.08703997186190002
46722974000,0.9947312007077501,0.02972116760240003,0.06776038843380003,0.07096673911510007
46772894000,0.9959614938966501,0.03546878598799999,0.0610090535533,0.05550800394600002
46822814000,0.9968566992232102,0.04133968660040001,0.05429137231870002,0.04026024328949998
46872734000,0.9973212954163501,0.04715892335530002,0.05002339728340004,0.02500678295680009
46922654000,0.9974525155521001,0.0532033970799,0.0465332748939,0.009679521822900048
46972574000,0.9975496559710001,0.0571176243048,0.0401953709371,-0.004126687608399968
47022494000,0.9973733270728001,0.06199123452310001,0.03418557954740001,-0.01534068350939997
47072414000,0.9968103169081,0.06752018766590001,0.0338218355409,-0.02581715389159991
47122334000,0.9964006338712,0.07149934920879998,0.03071545360910002,-0.03361567050210003
47172254000,0.9962089278075001,0.07452701956350001,0.02407353641910002,-0.03788211954150008
47222174000,0.9958663884872001,0.07724207159590001,0.02353457186969999,-0.04159295083390003
47272094000,0.9957640483002,0.0785062848052,0.02058330369429998,-0.04322847194239998
47322014000,0.9959052335255,0.07686383798880002,0.01620925693580001,-0.04475977952509992
47371934000,0.9958766179095001,0.07730443448370003,0.009554009427900037,-0.0465064009092
47471774000,0.9957402414297001,0.07899240530110001,0.0002753451766000017,-0.04757038951579996
47521694000,0.9954133660877,0.08147638647120001,-0.0007145387583999963,-0.0501414471446
47571614000,0.9951546295496,0.08379781072130002,-0.001792114659800011,-0.0514043617977
47621534000,0.995074669434,0.08419564995650003,-0.003622514345499976,-0.05220398486619999
47671454000,0.9951943363840001,0.08176813565000003,-0.008086196707499979,-0.05326869710330004
47721374000,0.9946971162063,0.08737867126210001,-0.01416972239,-0.0523767267701
47771294000,0.9949911729367001,0.08378641860369999,-0.01389456080229997,-0.05272750083749997
47821214000,0.9946025271791999,0.08854532730030001,-0.01486290165809997,-0.05201983899150003
47871134000,0.9944760677932002,0.0897275333754,-0.01429513787809999,-0.05255926547740005
47921054000,0.9941891009777001,0.0920295055247,-0.01593938652109997,-0.05354295435929996
47970974000,0.9938399642091,0.09477346485870003,-0.02150026961670003,-0.05327493633359998
48020894000,0.9936276712281001,0.09651723812499997,-0.02014065219050002,-0.05462405234719998
48070814000,0.9936206013747999,0.09656603403670003,-0.01969934914989998,-0.05482252354260003
48120734000,0.9931369340759,0.1007578016547,-0.02282353493439999,-0.05482654454899995
48170654000,0.9932976336085001,0.09905984615489999,-0.02300893353169998,-0.05494228046169998
48220574000,0.9929295634640001,0.103674095058,-0.02160697685199999,-0.05363020138819995
48270494000,0.9928460605193999,0.1035052365926,-0.02422256017179999,-0.05437984774989997
48320414000,0.9926147104251001,0.1050025215805,-0.02563737260659998,-0.05507535251269993
48370334000,0.9923112323538001,0.1075582016493,-0.02249314667969998,-0.05696729433090004
48420254000,0.9923201021491,0.10730346901,-0.02004438623770001,-0.05818882357890003
48470174000,0.9925198704346001,0.1059203854358,-0.0161921994414,-0.05850800306899998
48520094000,0.9923217936242001,0.106752645127,-0.0137980317351,-0.06092324869689999
48570014000,0.9922332869675,0.1066580521142,-0.008216302179500007,-0.06348561281219998
48619934000,0.9922278034207,0.1052573795999,-0.002946123199799991,-0.06630446947190007
48669854000,0.9915550807448,0.1090774118103,-0.0022049458666,-0.07012193190379998
48719774000,0.9917927733803001,0.1049007239399,0.0008923545751000142,-0.07309993693709997
48769694000,0.9911167244069999,0.1082474482663,0.003216012966399999,-0.07720773333919999
48819614000,0.9910775324637001,0.1069329386336,0.005255029732400017,-0.07939240531389997
48869534000,0.9906259922627,0.1082452132032,0.006036585695599998,-0.08311528335799999
48919454000,0.9901949730251001,0.110051809787,0.009402449312200037,-0.08552459131590005
48969374000,0.9897905406255001,0.1114371845872,0.01101184530310002,-0.0881776610812999
49019294000,0.9895807648574,0.1104960483218,0.01685427875439997,-0.09076171672769993
49069214000,0.9894083915033001,0.1095869828644,0.0208745788155,-0.09287945636919995
49119134000,0.9888928497665,0.1099670155057,0.02534088937320002,-0.09673243970529999
49169054000,0.9885807494909,0.1105524250124,0.02920637190250002,-0.09816062443410004
49218974000,0.9884377402183001,0.1092253419551,0.03109312729560002,-0.1004739797063
49268894000,0.9877490291027001,0.113596692732,0.02799349589660002,-0.1032686728682
49318814000,0.9876422178377001,0.1129208853587,0.03088220051710003,-0.1042024287666
49368734000,0.9876859560002,0.1097871499008,0.0328636286672,-0.1065102573353
49418654000,0.9874059649768999,0.1113682645611,0.02983587958490001,-0.1083367220963
49468574000,0.9873282890842001,0.1100480040592,0.03250769673950003,-0.1096193986857
49518494000,0.9869538678166,0.1110858072472,0.03096673126700004,-0.1123554985812
49568414000,0.9867496024468,0.1111641615504,0.03088844764270002,-0.1140778320720999
49618334000,0.9866221410864,0.1101886514547,0.03850822913849999,-0.1138084275588
49668254000,0.9871209072768001,0.1057302830558,0.03732882464510002,-0.114108529192
49718174000,0.9864421216431002,0.1091849154615,0.03430977574560001,-0.1176194678406
49768094000,0.9863999706729,0.1088559005463,0.0374458777716,-0.1173221168826001
49818014000,0.9865771454644002,0.1051142999663,0.0373216029462,-0.1192712128316
49867934000,0.9861696731026001,0.1050647570897,0.04044164416979999,-0.1216429660889
49917854000,0.9859146767177001,0.1043491509288001,0.04061406549140001,-0.1242402009974
49967774000,0.9854122670444001,0.1060704951908,0.04480332726100001,-0.1253229498222
50017694000,0.9857867465391001,0.1021322446635,0.0456318318726,-0.125347943847
50067614000,0.9854509267082001,0.103993959194,0.04524177863590001,-0.1265868721172999
50117534000,0.9853206805225999,0.1032192520731,0.04706615441750005,-0.1275700324478
50167454000,0.9852898361027,0.101142587845,0.04842541503329999,-0.1289576167372
50217374000,0.9848504282682,0.1038206361768,0.0505792982979,-0.1293583220105999
50267294000,0.9854270676992001,0.1003624367127,0.0489231956027,-0.1283274918692001
50317214000,0.9857980561123,0.09529085511550001,0.04859726165060001,-0.129464491995
50367134000,0.9860568312984,0.09383073312570003,0.04702958385420002,-0.1291367805498
50417054000,0.9862869460476,0.09106197442210005,0.05263930158670002,-0.127182326891
50466974000,0.9862502088991,0.09011956872520002,0.05388413780240002,-0.1276144820057999
50516894000,0.9863408362097,0.08974806822620003,0.0569539775653,-0.1258353003513
50566814000,0.9868157347735,0.08736813536139999,0.05434756670119999,-0.1249339816151999
50616734000,0.9869560478511001,0.08728791637069998,0.05513841730369998,-0.123524591374
50666654000,0.9870840078105002,0.08615346594480001,0.05720613101850001,-0.1223567867154
50716574000,0.9873279208903001,0.08521286648220001,0.05848397063650004,-0.120423505915
50766494000,0.9875928714079,0.0826543830372,0.0614698977958,-0.1185383995896999
50816414000,0.9875893667791001,0.08301091142290003,0.06142726306280002,-0.1183388033493
50866334000,0.9875092857192,0.0839165870067,0.06457809514110002,-0.1166798159688
50916254000,0.9877285092690001,0.08311971662470002,0.0632580464851,-0.1161128153981
50966174000,0.9882237922417,0.07998888735510001,0.06250559682640001,-0.1144969226812
51016094000,0.9886176613900001,0.0766752505799,0.0631062758121,-0.1130225016176
51066014000,0.9890721082478,0.0744387604216,0.06064436175299999,-0.1118841012936999
51115934000,0.9892952758961999,0.07422794264660003,0.05892659117720003,-0.1109672998912
51165854000,0.989409116945,0.07407699590839999,0.05683679393800001,-0.1111456809087001
51215774000,0.9896954424438998,0.07353874384590002,0.05616210752050001,-0.1092799457881
51265694000,0.9902457217830001,0.07031905392350001,0.05133940626050001,-0.1087824412546
51315614000,0.9902933195720001,0.07025337515140001,0.0527720400525,-0.1077039728653
51365534000,0.9905461956399001,0.06980155073260001,0.05233664539240002,-0.1058692202062999
51415454000,0.9907194956238001,0.0701927798181,0.05052147431640003,-0.1048669712769
51465374000,0.9910281534574001,0.0677223118685,0.05204653409670004,-0.1028019638614999
51515294000,0.9911534303901001,0.06765801838080002,0.05284717014689999,-0.1012202525103
51565214000,0.9915520300624,0.06588767151860003,0.05060630227560001,-0.09962019805579997
51615134000,0.9914436245721,0.06794160321760002,0.05475947939350002,-0.09708661487059997
51665054000,0.9918712874392001,0.06559997762950001,0.05192096377940003,-0.09588186268019991
51714974000,0.9920476509061001,0.06563624669000001,0.05246169645090002,-0.09371266094059998
51764894000,0.9921856452868001,0.06806039786780001,0.0503464101756,-0.0916571238515001
51814814000,0.9927434121489001,0.06281163555880001,0.05025101959540002,-0.08939122299619998
51864734000,0.9928356319215,0.06596072977780003,0.04605331754050002,-0.08835020554519991
51914654000,0.9932648119618001,0.06284973398510001,0.04589720339280001,-0.08584354011199997
51964574000,0.9935238945587,0.06196881515590001,0.0445486383681,-0.08418511752760001
52014494000,0.9937284953902999,0.06189080960580004,0.04189307844590003,-0.08318098833800006
52064414000,0.9939705607144,0.06036741163880004,0.0425965684176,-0.08102154913879994
52114334000,0.9942679156355001,0.0595213935959,0.03945464391310001,-0.07958397917670004
52164254000,0.9944081298346001,0.05870307402460001,0.0401473894733,-0.07807048594590002
52214174000,0.9945491729456001,0.0586179589212,0.03842814853129999,-0.07719682685089997
52264094000,0.9947140459467999,0.05855828701620001,0.03708349539550003,-0.07576576829199999
52314014000,0.9947353516642,0.05826938973780001,0.03933835442739998,-0.0745673684764
52363934000,0.9949718460535001,0.05768207626699999,0.037135640655,-0.072982194254
52413854000,0.9950682582547001,0.0577739426112,0.03667826115759999,-0.07181386095819997
52463774000,0.9952600902619001,0.05649309553410001,0.03432520028350002,-0.07133525833959997
52513694000,0.9954155555765001,0.05606120637430002,0.0317356056942,-0.07070120334339999
52563614000,0.9954772768803002,0.056465887396,0.02993125783450001,-0.07029817260140001
52613534000,0.9956320326681001,0.054681948568,0.02897991814090001,-0.06991400398760002
52663454000,0.9957536446395001,0.05339006436840002,0.02821970593170003,-0.06948752381340001
52713374000,0.9957328710236002,0.05479179522829999,0.027842303092,-0.06884694328320001
52763294000,0.9958017384548,0.05420676259000003,0.02759226616800001,-0.06841880526910001
52813214000,0.9959918104122,0.05203364669630002,0.0254853251531,-0.06815068801059995
52863134000,0.9959973458062999,0.0519280880387,0.0257483322394,-0.06804536904719997
52913054000,0.9961249369530999,0.05040420062570003,0.02453336551380003,-0.06777912103550003
52962974000,0.9961670411164001,0.04942307662040001,0.02516998870650002,-0.06764578655150004
53012894000,0.9962876847852,0.04824319875910002,0.02376433104610003,-0.06722523919129998
53062814000,0.9964314922915001,0.0464075344863,0.02306227726870001,-0.06662553810730003
53112734000,0.9964767357508001,0.04613552455430002,0.02291585791470001,-0.06618443124740012
53162654000,0.9965414571006,0.0455397761504,0.02421284633899999,-0.06515890221489992
53212574000,0.9966672044750001,0.04536546761470001,0.02159667012210001,-0.06427650149230003
53262494000,0.9967666689871,0.04362163058420002,0.02347419485760002,-0.06326966738539994
53312414000,0.9968930376422001,0.04190888038930002,0.02157898077300001,-0.06311052840460006
53362334000,0.9970373133679,0.04173291277490003,0.02001780628260003,-0.06144236508289989
53412254000,0.9971812018846001,0.04031740774140002,0.01880884456959999,-0.06042827276289996
53462174000,0.9972874670987,0.03921798815890003,0.0185202651276,-0.05948329489660001
53512094000,0.9973937328963001,0.03778443515380001,0.01877526656800001,-0.05853031411910007
53562014000,0.9974365485262001,0.03780585877129999,0.01707430984350002,-0.05831238816830005
53611934000,0.9974576005005,0.03834328216130001,0.01501618938889999,-0.05817220543719998
53661854000,0.9975188500514001,0.03716618446930002,0.0150188207349,-0.05788464863139998
53711774000,0.9975574970993,0.03684895802540003,0.01283144630200003,-0.05794400585190001
53761694000,0.9976787117526,0.03575127971150001,0.01374322749259999,-0.0563066165746
53811614000,0.9977813548471,0.03538088733110001,0.01179860813610001,-0.05515759213550003
53861534000,0.9979030876150999,0.03495105915420002,0.01078139671640001,-0.05341144075220003
53911454000,0.9979764916163001,0.0340563629159,0.010860689566,-0.05258970510359999
53961374000,0.9980251303124001,0.03364558125980002,0.01050361614759999,-0.05200600153379994
54011294000,0.9980533595393,0.03327445742610001,0.01113236845790001,-0.0515798074619
54061214000,0.9981080669465001,0.03222350147080003,0.01075223678130001,-0.05126655867429998
54111134000,0.9981186619916003,0.03275792499020001,0.01111886141620003,-0.05062933628969997
54161054000,0.998159945237,0.03265217526490002,0.00932806714830002,-0.05023671100360001
54210974000,0.9982246664766,0.03271170410220003,0.009333176216100032,-0.04890777723090001
54260894000,0.9982846718312001,0.03248904332880001,0.009188926619300021,-0.04784830204580004
54310814000,0.9982841975055001,0.03317961159740002,0.008303538798500008,-0.04754263905039994
54360734000,0.9983024992291001,0.0333451898206,0.009265208960299989,-0.04686387129149992
54410654000,0.9983088023951001,0.03426560437970001,0.007490334129399992,-0.04637827943279993
54460574000,0.9983139178444,0.03437841890030002,0.008297867049599998,-0.04604302579999995
54510494000,0.9983194790159,0.03491993299770001,0.006733027319900026,-0.04575625635020002
54560414000,0.9983685316574001,0.03465184875379999,0.006629288041599984,-0.04490634190439996
54610334000,0.9983837722975,0.03468762047520002,0.007037887094499998,-0.04447286498290002
54660254000,0.9984156644422001,0.03428244001510003,0.007959041664500024,-0.04391041841580005
54710174000,0.9983988744159,0.0350226191947,0.006844340710300004,-0.0438920534648
54760094000,0.9984250840771002,0.03385191626030001,0.007724808067800015,-0.04406541979339995
54810014000,0.9983920880303,0.03539498944899999,0.007971063299400012,-0.04355830818280001
54859934000,0.9984651307134002,0.03401583390240001,0.007898764853100017,-0.04298658736410005
54909854000,0.9984806247457,0.03376440014340001,0.006925537361800044,-0.04299408132249997
54959774000,0.9984209366153001,0.03507720114600003,0.009586159223000025,-0.04283008402279993
55009694000,0.9984419767067001,0.03555025868970001,0.008197841785400006,-0.04223401035019994
55059614000,0.9984423977492002,0.03667579154400001,0.01002039039380001,-0.04083287934919997
55109534000,0.9984306093249999,0.03787820002560001,0.01040009893690003,-0.03991666349859997
55159454000,0.9984215383998001,0.03943928488810002,0.01026544662880002,-0.03865930509379999
55209374000,0.9984493882234001,0.04025260232540001,0.01064217283469999,-0.0369537618254
55259294000,0.9984409556039001,0.04097503612759998,0.01206803035450001,-0.03594364408830002
55309214000,0.9983684446999,0.0428026583876,0.0126841526589,-0.03560412118009996
55359134000,0.9983452611087001,0.04391219641080001,0.01238941315199999,-0.03500883299399998
55409054000,0.9983470622193001,0.04488175293710001,0.01220157900170001,-0.03377329283620001
55458974000,0.9983048316045,0.0459689061436,0.01289410264810001,-0.03327976654939999
55508894000,0.9982635583242001,0.0474674184049,0.0122976480919,-0.03267091175780001
55558814000,0.9983031356814001,0.04715481022080001,0.01144155883079999,-0.03219676316909996
55608734000,0.9983134640351001,0.0474982533456,0.01129040903900002,-0.03141894792320001
55658654000,0.9983404728128001,0.04738840922359999,0.01130002007229999,-0.03072969117719998
55708574000,0.9983848947954,0.04670902914080001,0.01181511580999998,-0.03011408434780006
55758494000,0.9983582750855001,0.04762719819240002,0.01106390472230001,-0.02985151394869997
55808414000,0.9983594730541001,0.04733201606110002,0.01259602683710005,-0.02965679331720004
55858334000,0.9983125829247002,0.04773876320080001,0.01515997686909999,-0.02941403740549998
55908254000,0.9982833732872,0.04689389202180003,0.01784652494750002,-0.03022465423189998
55958174000,0.9982176482148001,0.0468046197011,0.01941942173509999,-0.03152801301939996
56008094000,0.9981258926978001,0.04666367249440002,0.02081792776860001,-0.03369017020060006
56058014000,0.9979803317384,0.04634800350330001,0.0243188289221,-0.03600840448159994
56107934000,0.9978522896700002,0.04472511007050001,0.02808649833389999,-0.03877759865969999
56157854000,0.9977046459161001,0.04386735616140001,0.03052474252010003,-0.04159515576049994
56207774000,0.9974808917722001,0.04440708161520002,0.03270413058610001,-0.04462872214959997
56257694000,0.9971773405537,0.0459767360972,0.03687215731350002,-0.04652739269509996
56307614000,0.9969684811848,0.04534202241350001,0.03847975388570003,-0.05018428021390001
56357534000,0.9966234327780001,0.04745641989999999,0.04182232915030004,-0.05234973694849999
56407454000,0.9962852273164,0.0492123159237,0.04461080618890002,-0.05481137184249997
56457374000,0.9959509252969,0.05044069958040003,0.04704344573890002,-0.0576706216936
56507294000,0.9958891896178002,0.04681544612599998,0.0480421790991,-0.06087122128070006
56557214000,0.9955298675934001,0.04955526787930002,0.04937498536630001,-0.06346677274969999
56607134000,0.9952642394406001,0.04954234964779999,0.05132393429720002,-0.06604292265250006
56657054000,0.9951364809455,0.04871720710500001,0.0513197542085,-0.06853303937359995
56706974000,0.9948182843303001,0.04919013914340001,0.05294024657059999,-0.07151763488659993
56756894000,0.9946758880556,0.04866484526050001,0.0521705544618,-0.07437353103909997
56806814000,0.9945022798490002,0.04626586311590002,0.05507526504370002,-0.07610852781210001
56856734000,0.9944096980756002,0.04611222580800002,0.0533246085697,-0.07861820738469998
56906654000,0.9943642189931,0.0445421459279,0.05360186591229999,-0.07988978590499995
56956574000,0.9943725037925001,0.04278530899290002,0.05178029139080002,-0.08193144726830004
57006494000,0.99453628363559,0.03735039780219999,0.05104666761210003,-0.08304815903199998
57056414000,0.99438276443968,0.0360257860389,0.05170057649380003,-0.08504732350209997
57106334000,0.9943622813203601,0.0321986493961,0.05182732771969999,-0.08673203492969994
57156254000,0.9942897588597801,0.0300607233546,0.05068311717830001,-0.08897552608310001
57206174000,0.99421302400704,0.02816409094060002,0.05010563492650001,-0.09076270675490003
57256094000,0.99388427640084,0.02883818555800002,0.0531327139231,-0.09241276536229998
57306014000,0.9934862951859201,0.02911119188780001,0.05752484542869998,-0.0939644373084
57355934000,0.99329135204085,0.02952995263410001,0.05924489604480002,-0.09481767022200005
57405854000,0.9931310933333199,0.02804412137760001,0.06130690771449999,-0.0956353680544
57455774000,0.99316143934506,0.02821898839370002,0.05941949106859998,-0.09645575438439996
57505694000,0.99310329321246,0.02844717730790003,0.06068550283100001,-0.09620830214380002
57555614000,0.9931346250023999,0.02699566719630002,0.06135579880830003,-0.09587322057209997
57605534000,0.99301677912133,0.02950184878460001,0.0625725968145,-0.09556354445149991
57655454000,0.9930761744251502,0.02855946686780002,0.06408571344260004,-0.09421860495820003
57705374000,0.99313147837254,0.02824121033930002,0.0653025110786,-0.09288845245690006
57755294000,0.99322172261802,0.02841657953030001,0.0658425495926,-0.09147543353259996
57805214000,0.9931394219412699,0.0284340557869,0.06849648137000001,-0.09041935877309992
57855134000,0.9932604826551401,0.03010628734170001,0.06770138577700001,-0.08913273150520007
57905054000,0.99289306453138,0.0311049243307,0.07252148603000003,-0.08909700471690001
57954974000,0.99263301751452,0.03226508318320001,0.07668621028059999,-0.08808609604579991
58004894000,0.9927019419055999,0.03265226919360001,0.0772590745226,-0.08665213404259994
58054814000,0.9926835438721301,0.03278607023690001,0.0785739893991,-0.08562589089859995
58104734000,0.99288851390046,0.03109604354080001,0.07781422049410003,-0.08455790802019997
58154654000,0.99303053231669,0.03236183126820003,0.0770092936208,-0.08315035789219999
58204574000,0.99314894863392,0.03229710829450001,0.07652235721510001,-0.08220177415910004
58254494000,0.99315023654749,0.03274970706800003,0.07658783597190003,-0.08194851958399997
58304414000,0.9933362968968001,0.0314486318886,0.07510953583589999,-0.08156152891560005
58354334000,0.9933477567144401,0.0309602787723,0.0752852105116,-0.08145760006059993
58404254000,0.9934792778035801,0.03064002159650003,0.07426768640210002,-0.08090623159570001
58454174000,0.9935154911067,0.03084467665860001,0.07361895774570004,-0.08097568240199998
58504094000,0.99360450343891,0.03066173151950001,0.07239665685720002,-0.08105337729109996
58554014000,0.9936131987340601,0.03011405430300002,0.07258231653510003,-0.08098709684669997
58603934000,0.9935962136574701,0.03047247008350001,0.07270315149020004,-0.08094978774150004
58653854000,0.9936963726627102,0.0306241544315,0.0719131978932,-0.08036899941380005
58703774000,0.9939368747291401,0.03014125645400001,0.07010667618050002,-0.07916469483669999
58753694000,0.9941036377051001,0.03096866246560001,0.06933612566990004,-0.07740710708430004
58803614000,0.9943061532143301,0.03130753776060001,0.06922181578370001,-0.07473502017710001
58853534000,0.9945206030278599,0.03227422261390002,0.06833661382520004,-0.07223277454649996
58903454000,0.99488978058052,0.03231123698090002,0.06430864094850004,-0.07082008847570012
58953374000,0.9953395283127301,0.03109587698380002,0.05862962560750001,-0.06996782285600001
59003294000,0.9957553880884901,0.0319731775551,0.05191865941989999,-0.06895336914939994
59053214000,0.9961118463184002,0.0362237316452,0.04100271129869999,-0.06905576038159997
59103134000,0.9961250895943001,0.0395061253412,0.03853948495890002,-0.06848359459430003
59153054000,0.9961635094983,0.04190903161020001,0.0315253580175,-0.0700724638026
59202974000,0.9962035855606001,0.04416880975110002,0.02569051576600002,-0.07048736975499999
59252894000,0.9962969910890001,0.04435181071770002,0.02092505782970001,-0.07063280084660001
59302814000,0.9963116512531001,0.04692465418260001,0.01777463687050001,-0.0696116372014
59352734000,0.9963837481530001,0.04598153831190001,0.01972460174099998,-0.06868871765550004
59402654000,0.9965181119059001,0.04546742073410001,0.01781962920029998,-0.0675870009365
59452574000,0.9965320766913001,0.04539927052899999,0.0149094838243,-0.06812896432460003
59502494000,0.9965367229537001,0.04506069784100002,0.01757844573359998,-0.06764260540399998
59552414000,0.9964131312798001,0.0468044479424,0.02162545557890003,-0.06711523008070006
59602334000,0.9964196618136001,0.046751463896,0.02055744910939997,-0.06739192363299998
59652254000,0.9964899722855001,0.04566267880720003,0.01871278731900001,-0.06763486299400007
59702174000,0.9964927878449,0.04608277981980001,0.01838613588620002,-0.06738933018080003
59752094000,0.9964193624869999,0.0474066867282,0.0198868668818,-0.06712439553739998
59802014000,0.9964039598735001,0.04983087404110002,0.01967128345440002,-0.0656442817854999
59851934000,0.9965401818843,0.04807027020770004,0.02037631418150002,-0.06467526038349995
59901854000,0.9966185986550999,0.0476524319374,0.01937687862370002,-0.0640797362981
59951774000,0.996659925777,0.04762902346039999,0.01857315668180003,-0.06369201233589999
60001694000,0.9967503429747001,0.04539253790410001,0.02078429445130001,-0.06323294050249993
60051614000,0.9966933920856001,0.0459267811833,0.02095005276780001,-0.06367322603970003
60101534000,0.9966208002228001,0.04717126240820001,0.02030061729710003,-0.06410746493619993
60151454000,0.9965096168384,0.0490270792303,0.0199296779862,-0.06455639323869998
60201374000,0.9964949592414001,0.04846097802790003,0.0213735118159,-0.06474918756829998
60251294000,0.9964316354678,0.04914380543910002,0.0207776678624,-0.06540340231669997
60301214000,0.9964678646762,0.04631675510950002,0.022306934418,-0.06640185105069993
60351134000,0.9963933027097002,0.0467082899024,0.0212446673208,-0.0675964983107
60401054000,0.9963435392581,0.04678248372870003,0.02242841639259999,-0.06788766038649993
